{
	"last_id" : 30,
	"is_last": true,
	"list": [{
		"order_id":"21",
		"foods":[{
			"name": "发糕-20",
			"describe":"等 1 件商品",
			"price": "13.00",
			"date": "2017-07-15",
			"time": "12:00",
			"money":13
		}],
		"taken": false
	},
	{
		"order_id":"22",
		"foods":[{
			"name": "芝士火腿包",
			"describe":"等2件商品",
			"price": "14.00",
			"date": "2017-07-16",
			"time": "12:30",
			"money":28
		}],
		"taken": true
	},
	{
		"order_id":"23",
		"foods":[{
			"name": "芝士火腿包",
			"describe":"等2件商品",
			"price": "14.00",
			"date": "2017-07-16",
			"time": "12:30",
			"money":28
		}],
		"taken": true
	},
	{
		"order_id":"24",
		"foods":[{
			"name": "芝士火腿包",
			"describe":"等2件商品",
			"price": "14.00",
			"date": "2017-07-16",
			"time": "12:30",
			"money":28
		}],
		"taken": true
	},
	{
		"order_id":"25",
		"foods":[{
			"name": "芝士火腿包",
			"describe":"等2件商品",
			"price": "14.00",
			"date": "2017-07-16",
			"time": "12:30",
			"money":28
		}],
		"taken": true
	},
	{
		"order_id":"26",
		"foods":[{
			"name": "芝士火腿包",
			"describe":"等2件商品",
			"price": "14.00",
			"date": "2017-07-16",
			"time": "12:30",
			"money":28
		}],
		"taken": true
	},
	{
		"order_id":"27",
		"foods":[{
			"name": "芝士火腿包",
			"describe":"等2件商品",
			"price": "14.00",
			"date": "2017-07-16",
			"time": "12:30",
			"money":28
		}],
		"taken": true
	},
	{
		"order_id":"28",
		"foods":[{
			"name": "芝士火腿包",
			"describe":"等2件商品",
			"price": "14.00",
			"date": "2017-07-16",
			"time": "12:30",
			"money":28
		}],
		"taken": true
	},
	{
		"order_id":"29",
		"foods":[{
			"name": "芝士火腿包",
			"describe":"等2件商品",
			"price": "14.00",
			"date": "2017-07-16",
			"time": "12:30",
			"money":28
		}],
		"taken": true
	},{
		"order_id":"30",
		"foods":[{
			"name": "芝士火腿包",
			"describe":"等2件商品",
			"price": "14.00",
			"date": "2017-07-16",
			"time": "12:30",
			"money":28
		}],
		"taken": true
	}]
	}