{
	"last_id" : 20,
	"is_last": false,
	"list": [{
		"order_id":"11",
		"foods":[{
			"name": "发糕-10",
			"describe":"等 1 件商品",
			"price": "13.00",
			"date": "2017-07-15",
			"time": "12:00",
			"money":13
		}],
		"taken": false
	},
	{
		"order_id":"12",
		"foods":[{
			"name": "芝士火腿包",
			"describe":"等2件商品",
			"price": "14.00",
			"date": "2017-07-16",
			"time": "12:30",
			"money":28
		}],
		"taken": true
	},
	{
		"order_id":"13",
		"foods":[{
			"name": "芝士火腿包",
			"describe":"等2件商品",
			"price": "14.00",
			"date": "2017-07-16",
			"time": "12:30",
			"money":28
		}],
		"taken": true
	},
	{
		"order_id":"14",
		"foods":[{
			"name": "芝士火腿包",
			"describe":"等2件商品",
			"price": "14.00",
			"date": "2017-07-16",
			"time": "12:30",
			"money":28
		}],
		"taken": true
	},
	{
		"order_id":"15",
		"foods":[{
			"name": "芝士火腿包",
			"describe":"等2件商品",
			"price": "14.00",
			"date": "2017-07-16",
			"time": "12:30",
			"money":28
		}],
		"taken": true
	},
	{
		"order_id":"16",
		"foods":[{
			"name": "芝士火腿包",
			"describe":"等2件商品",
			"price": "14.00",
			"date": "2017-07-16",
			"time": "12:30",
			"money":28
		}],
		"taken": true
	},
	{
		"order_id":"17",
		"foods":[{
			"name": "芝士火腿包",
			"describe":"等2件商品",
			"price": "14.00",
			"date": "2017-07-16",
			"time": "12:30",
			"money":28
		}],
		"taken": true
	},
	{
		"order_id":"18",
		"foods":[{
			"name": "芝士火腿包",
			"describe":"等2件商品",
			"price": "14.00",
			"date": "2017-07-16",
			"time": "12:30",
			"money":28
		}],
		"taken": true
	},
	{
		"order_id":"19",
		"foods":[{
			"name": "芝士火腿包",
			"describe":"等2件商品",
			"price": "14.00",
			"date": "2017-07-16",
			"time": "12:30",
			"money":28
		}],
		"taken": true
	},{
		"order_id":"20",
		"foods":[{
			"name": "芝士火腿包",
			"describe":"等2件商品",
			"price": "14.00",
			"date": "2017-07-16",
			"time": "12:30",
			"money":28
		}],
		"taken": true
	}]
	}